{
  "model_path": "models/rf_pipeline.joblib",
  "mae": 0.32648256791828195,
  "rmse": 0.5032758727247028
}
